,index,PRIMARY_FACILITY_ID,FACILITY_NAME,PERMIT_NO,CLIENT_ID,CLIENT_NAME,MUNICIPALITY,COUNTY,REGION,PERMIT_TYPE,FEE_CATEGORY,LATEST_PERMIT_ISSUE_DATE,AVAILABLE_LAND,Animal Units,LOCATION_ADDRESS,LOCATION_ADDRESS_CITY_STATE_ZIP,ANIMAL_TYPES
0,0,550894,PERRY MEADOWS CAFO,PA0088064,216104,COUNTRY VIEW FAMILY FARMS LLC,Jackson Twp,Perry,SCRO,Concentrated Animal Feed Operations Indiv NPDES Pmt,CAFO Individual Permit,10/04/2018,1.0,1342.3,2713 FOWLERS HOLLOW RD,"BLAIN, PA 17006",Swine - Wean to finish - 140 lbs (15-265)
1,4,555759,HUSTON HOLLOW FARM CAFO,PA0088242,216104,COUNTRY VIEW FAMILY FARMS LLC,Taylor Twp,Fulton,SCRO,Concentrated Animal Feed Operations Indiv NPDES Pmt,CAFO Individual Permit,06/27/2018,1.0,2984.25,2994 S MADDEN RD,"HUSTONTOWN, PA 17229-9155",Swine - Grow finish - 155 lbs (45-265)
2,8,564215,WIDE AWAKE FARM CAFO,PA0088595,263132,WIDE AWAKE FARMS PARTNERSHIP,Monroe Twp,Bedford,SCRO,Concentrated Animal Feed Operations Indiv NPDES Pmt,CAFO Individual Permit,06/22/2016,112.9,555.62,488 JAY RD,"CLEARVILLE, PA 15535-6201",Swine - Grow finish - 155 lbs (45-265)
3,12,569664,FINE SWINE FARM CAFO,PA0088706,334370,FINE SWINE LLC,West Cocalico Twp,Lancaster,SCRO,Concentrated Animal Feed Operations Indiv NPDES Pmt,CAFO Individual Permit,11/14/2018,1.0,591.8,415 FOREST RD,"DENVER, PA 17517-9482",Swine - Gestating Sow - 400 lbs
4,15,568959,ASPEN PERRY HOG FARM CAFO,PA0088846,158117,HERSHEY AG,Oliver Twp,Perry,SCRO,Concentrated Animal Feed Operations Indiv NPDES Pmt,CAFO Individual Permit,12/01/2017,85.9,1865.1,1027 OAK HALL RD,"NEWPORT, PA 17074",Swine - Nursery Pig - 30 lbs (15-45)
5,17,569084,KEATING FARM CAFO,PA0088927,158980,KEATING JOHN W JR,Southampton Twp,Bedford,SCRO,Concentrated Animal Feed Operations Indiv NPDES Pmt,CAFO Individual Permit,08/29/2019,126.6,612.04,1620 BEANS COVE RD,"CLEARVILLE, PA 15535-8037",Swine - Grow finish - 155 lbs (45-265)
6,18,565301,SCHRACK FARMS PARTNERSHIP CAFO,PA0228401,122703,SCHRACK FARMS PARTNERSHIP,Logan Twp,Clinton,NCRO,"Water Quality Mgmt Part II, Manure Storage Fac for CAFO",CAFO Individual Permit,04/26/2019,2092.9,2097.33,860 W VALLEY RD,"LOGANTON, PA 17747-8935",Swine - Grow finish - 155 lbs (45-265)
7,20,691813,JIM KURTZ FARM CAFO,PA0228982,247841,KURTZ JAMES,West Buffalo Twp,Union,NCRO,Concentrated Animal Feed Operations Indiv NPDES Pmt,CAFO Individual Permit,09/10/2018,16.89,735.59,1070 GRAND VALLEY RD,"MIFFLINBURG, PA 17844-7960",Swine - Grow finish - 155 lbs (45-265)
8,21,689442,GNH FARMS LLC CAFO,PA0229091,253889,GREG A HALADAY,Cleveland Twp,Columbia,NCRO,Concentrated Animal Feed Operations Indiv NPDES Pmt,CAFO Individual Permit,05/08/2015,495.5,622.11,224 WHITE CHURCH RD,"ELYSBURG, PA 17824-9161",Swine - Wean to finish - 140 lbs (15-265)
9,23,689723,NEWSWANGER CAFO GARREAU FARM,PA0229105,253920,AMOS NEWSWANGER,Buffalo Twp,Union,NCRO,Concentrated Animal Feed Operations Indiv NPDES Pmt,CAFO Individual Permit,05/23/2013,0.01,571.95,318 BLACK RUN RD,"LEWISBURG, PA 17837-7627",Swine - Grow finish - 155 lbs (45-265)
10,24,742161,STILL WATERS FARM,PA0232327,348389,GROFF ALAN D & GROFF DOUGLAS E,White Deer Twp,Union,NCRO,Concentrated Animal Feed Operations Indiv NPDES Pmt,CAFO Individual Permit,04/25/2019,82.5,1509.75,190 BERKEY LN,"NEW COLUMBIA, PA 17856-7002",Swine - Grow finish - 155 lbs (45-265)
11,26,769135,ANDREW A REIFF SWINE FARM,PA0232475,317801,REIFF ANDREW A,West Buffalo Twp,Union,NCRO,Concentrated Animal Feed Operations Indiv NPDES Pmt,CAFO Individual Permit,04/22/2015,43.0,729.08,8245 BUFFALO RD,"MIFFLINBURG, PA 17844-7856",Swine - Grow finish - 155 lbs (45-265)
12,27,778418,SMILING PORKER FARMS SOW OPR,PA0232556,216104,COUNTRY VIEW FAMILY FARMS LLC,Pine Twp,Lycoming,NCRO,Concentrated Animal Feed Operations Indiv NPDES Pmt,CAFO Individual Permit,03/03/2015,1.0,3247.9,676 GRANGER LN,"MORRIS, PA 16938-9370",Swine - Grow finish - 155 lbs (45-265)
13,31,794176,MARTIN SWINE FINISHING BARN,PA0232696,215959,MARTIN NOAH N,Cogan House Twp,Lycoming,NCRO,Concentrated Animal Feed Operations Indiv NPDES Pmt,CAFO Individual Permit,04/04/2016,585.4,764.82,1821 STATE ROUTE 184,"TROUT RUN, PA 17771-8634",Swine - Grow finish - 155 lbs (45-265)
14,32,809969,MAHOSKY FARMS LLC,PA0232769,327900,MAHOSKY FARMS LLC,Union Twp,Tioga,NCRO,Concentrated Animal Feed Operations Indiv NPDES Pmt,CAFO Individual Permit,12/06/2016,744.0,713.42,13295 ROUTE 414,"CANTON, PA 17724-8902",Swine - Grow finish - 155 lbs (45-265)
15,33,812349,BOOPS FAMILY HOG FARM,PA0232858,330490,BOOPS FAMILY HOG FARM LLC,Lewis Twp,Union,NCRO,Concentrated Animal Feed Operations Indiv NPDES Pmt,CAFO Individual Permit,04/11/2017,391.4,1365.7,1555 SWENGLE RD,"MIFFLINBURG, PA 17844-8149",Swine - Grow finish - 155 lbs (45-265)
16,35,705178,CLEVELAND PORK CAFO,PA0233544,262621,KNOEBEL JOEL D,Cleveland Twp,Columbia,NCRO,Concentrated Animal Feed Operations Indiv NPDES Pmt,CAFO Individual Permit,03/05/2014,1.0,660.27,162 CENTER SCHOOL RD,"ELYSBURG, PA 17824-9142",Swine - Wean to finish - 140 lbs (15-265)
17,36,722356,JAMES BAGLEY CAFO,PA0233579,331516,BAGLEY JAMES W,Fox Twp,Sullivan,NCRO,Concentrated Animal Feed Operations Indiv NPDES Pmt,CAFO Individual Permit,09/06/2019,1.0,660.71,266 PIATT RD,"SHUNK, PA 17768-9157",Swine - Grow finish - 155 lbs (45-265)
18,37,725126,REMLEY SWINE FARM,PA0233846,273470,REMLEY DREW E,Liberty Twp,Tioga,NCRO,Concentrated Animal Feed Operations Indiv NPDES Pmt,CAFO Individual Permit,08/03/2017,424.7,1737.42,1170 SALT SPRING RD,"ROARING BRANCH, PA 17765-8824",Swine - Nursery Pig - 30 lbs (15-45)
19,39,749633,SHOWERS FARM FINISHER,PA0234052,287309,SHOWERS JAMES W,White Deer Twp,Union,NCRO,Concentrated Animal Feed Operations Indiv NPDES Pmt,CAFO Individual Permit,01/30/2017,77.7,384.34,767 GRAY HILL RD,"NEW COLUMBIA, PA 17856-9407",Swine - Grow finish - 155 lbs (45-265)
20,40,743373,COURTER FINISHER FARM,PA0234087,288501,COURTER PHILIP,Porter Twp,Clinton,NCRO,Concentrated Animal Feed Operations Indiv NPDES Pmt,CAFO Individual Permit,05/08/2018,194.7,1070.86,6527 JACKSONVILLE RD,"MILL HALL, PA 17751-8876",Swine - Grow finish - 155 lbs (45-265)
21,41,574334,WILLOW BROOK FARM,PA0246441,160377,DEER STONE AG,Granville Twp,Mifflin,SCRO,Concentrated Animal Feed Operations Indiv NPDES Pmt,CAFO Individual Permit,08/19/2015,24.6,720.52,10049 FERGUSON VALLEY RD,"LEWISTOWN, PA 17044-8601",Swine - Nursery Pig - 30 lbs (15-45)
22,45,627323,BEAVER RIDGE FARM CAFO,PA0246468,160587,GUTSHALL VIRGIL JR,Jackson Twp,Perry,SCRO,Concentrated Animal Feed Operations Indiv NPDES Pmt,CAFO Individual Permit,10/20/2014,209.2,437.78,1400 FOWLER HOLLOW RD,"BLAIN, PA 17006-6260",Swine - Grow finish - 155 lbs (45-265)
23,46,572330,LAZY HOG FARM CAFO,PA0246603,161451,HOFFMAN CHRIS,Fayette Twp,Juniata,SCRO,Concentrated Animal Feed Operations Indiv NPDES Pmt,CAFO Individual Permit,03/18/2019,1.0,839.4,4390 MOUNTAIN RD,"MCALISTERVILLE, PA 17049",Swine - Nursery Pig - 30 lbs (15-45)
24,51,638414,HURST FARM CAFO,PA0246808,163185,HURST CLAIR,Little Britain Twp,Lancaster,SCRO,Concentrated Animal Feed Operations Indiv NPDES Pmt,CAFO Individual Permit,07/22/2015,101.4,504.22,788 KING PEN RD,"KIRKWOOD, PA 17536-9759",Swine - Wean to finish - 140 lbs (15-265)
25,52,629925,HICKORY LANE CAFO,PA0246859,170243,AMOS L HOOVER,Jackson Twp,Perry,SCRO,Concentrated Animal Feed Operations Indiv NPDES Pmt,CAFO Individual Permit,02/27/2013,411.0,1328.2,230 CLARKS RUN RD,"BLAIN, PA 17006",Swine - Wean to finish - 140 lbs (15-265)
26,56,642779,ECKMAN FARM CAFO,PA0246948,263170,ECKMAN BRIAN D & ECKMAN DONALD M,Fulton Twp,Lancaster,SCRO,Concentrated Animal Feed Operations Indiv NPDES Pmt,CAFO Individual Permit,07/29/2014,71.9,678.25,357 BLACK BARREN RD,"PEACH BOTTOM, PA 17563-9798",Swine - Grow finish - 155 lbs (45-265)
27,57,650625,KEN MARTIN FARM CAFO,PA0246964,202545,MARTIN KENNETH R,East Drumore Twp,Lancaster,SCRO,Concentrated Animal Feed Operations Indiv NPDES Pmt,CAFO Individual Permit,06/24/2015,249.0,1678.05,1397 ROBERT FULTON HWY,"QUARRYVILLE, PA 17566-9630",Swine - Wean to finish - 140 lbs (15-265)
28,58,672108,DAVID MARTIN FARM,PA0247600,237478,MARTIN DAVID H,Little Britain Twp,Lancaster,SCRO,Concentrated Animal Feed Operations Indiv NPDES Pmt,CAFO Individual Permit,04/11/2019,195.0,723.88,420 NOTTINGHAM RD,"NOTTINGHAM, PA 19362-9024",Swine - Grow finish - 155 lbs (45-265)
29,59,731528,WOLGEMUTH FAIRVIEW FARMS,PA0248274,248616,WOGLEMUTH DOUG,Mount Joy Boro,Lancaster,SCRO,Concentrated Animal Feed Operations Indiv NPDES Pmt,CAFO Individual Permit,01/18/2019,867.0,987.28,1197 LANDIS RD,"ELIZABETHTOWN, PA 17022",Swine - Wean to finish - 140 lbs (15-265)
30,60,691298,WHISPERING PINES,PA0248478,305191,MICHAEL BURKHOLDER,Richmond Twp,Berks,SCRO,Concentrated Animal Feed Operations Indiv NPDES Pmt,CAFO Individual Permit,09/19/2019,103.8,449.6,313 DEKA RD,"FLEETWOOD, PA 19522-9068",Swine - Grow finish - 155 lbs (45-265)
31,61,756631,SILVER CREST ACRES,PA0259969,253034,SENSENIG JONAS O,Drumore Twp,Lancaster,SCRO,Concentrated Animal Feed Operations Indiv NPDES Pmt,CAFO Individual Permit,01/25/2019,281.5,418.6,1147 SILVER SPRING RD,"HOLTWOOD, PA 17532-9741",Swine - Wean to finish - 140 lbs (15-265)
32,62,702365,ZIMMERMAN FARM CAFO,PA0260053,253023,ZIMMERMAN JASON S,South Woodbury Twp,Bedford,SCRO,Concentrated Animal Feed Operations Indiv NPDES Pmt,CAFO Individual Permit,11/13/2017,33.2,499.0,260 GOLDEN RULE DR,"NEW ENTERPRISE, PA 16664-8701",Swine - Nursery Pig - 30 lbs (15-45)
33,64,738447,BARRY FARMS CAFO,PA0260185,217968,BARRY CHRISTOPHER L,Heidelberg Twp,Lebanon,SCRO,Concentrated Animal Feed Operations Indiv NPDES Pmt,CAFO Individual Permit,02/27/2018,547.2,915.3,221 MICHTER'S ROAD,"SCHAEFFERSTOWN, PA 17088",Swine - Wean to finish - 140 lbs (15-265)
34,65,763047,RIVERVIEW FARMS,PA0260223,253801,SCOTT BRINTON,Fulton Twp,Lancaster,SCRO,Concentrated Animal Feed Operations Indiv NPDES Pmt,CAFO Individual Permit,06/15/2017,407.2,660.18,241 RIVERVIEW RD,"PEACH BOTTOM, PA 17563-9717",Swine - Grow finish - 155 lbs (45-265)
35,66,731557,STEVEN R HERSHEY FARM,PA0260495,254122,HERSHEY STEVE,East Donegal Twp,Lancaster,SCRO,Concentrated Animal Feed Operations Indiv NPDES Pmt,CAFO Individual Permit,10/21/2015,186.0,572.8,2024 DONEGAL SPRINGS RD,"MOUNT JOY, PA 17552-8906",Swine - Grow finish - 155 lbs (45-265)
36,67,741303,GALEN NOLT CAFO,PA0260550,254118,NOLT GALEN L,Fulton Twp,Lancaster,SCRO,Concentrated Animal Feed Operations Indiv NPDES Pmt,CAFO Individual Permit,06/12/2014,349.4,1009.82,222 LITTLE BRITAIN CHURCH RD,"PEACH BOTTOM, PA 17563-9620",Swine - Grow finish - 155 lbs (45-265)
37,68,718721,PEACH GLEN FARM,PA0260631,261022,PEACH GLEN FARM LLC,Dickinson Twp,Cumberland,SCRO,Concentrated Animal Feed Operations Indiv NPDES Pmt,CAFO Individual Permit,10/20/2014,42.0,552.2,367 GEORGETOWN RD,"GARDNERS, PA 17324-9066",Swine - Wean to finish - 140 lbs (15-265)
38,69,702319,CLARK CREST DAIRY CAFO,PA0260789,255369,CLARK CREST DAIRY,East Drumore Twp,Lancaster,SCRO,"Water Quality Mgmt Part II, Manure Storage Fac for CAFO",CAFO Individual Permit,06/30/2017,185.3,1052.65,754 SOLANCO RD,"QUARRYVILLE, PA 17566-9614",Swine - Grow finish - 155 lbs (45-265)
39,70,632907,PENN ENGLAND CAFO,PA0265926,318554,PENN ENGLAND LLC,Catharine Twp,Blair,SCRO,Concentrated Animal Feed Operations Indiv NPDES Pmt,CAFO Individual Permit,09/26/2014,3392.5,4492.76,10341 FOX RUN RD,"WILLIAMSBURG, PA 16693-6713",Swine - Grow finish - 155 lbs (45-265)
40,71,777217,DAVID S. MORROW FARM,PA0265934,312135,MORROW DAVID S,Southwest Madison Twp,Perry,SCRO,Concentrated Animal Feed Operations Indiv NPDES Pmt,CAFO Individual Permit,08/26/2014,415.0,619.3,237 BRIAR LN,"LOYSVILLE, PA 17047-9154",Swine - Grow finish - 155 lbs (45-265)
41,72,784671,ROBBIE & DANYELL DICKINSON FARM,PA0266078,318349,DICKINSON DANYELL L & DICKINSON ROBBIE L,Taylor Twp,Fulton,SCRO,Concentrated Animal Feed Operations Indiv NPDES Pmt,CAFO Individual Permit,09/14/2015,1.0,341.42,457 WEST MCKINLEYVILLE ROAD,"HUSTONTOWN, PA 17229",Swine - Grow finish - 155 lbs (45-265)
42,73,810464,QUALITY LIVESTOCK SWINE FARM,PA0266337,326108,QUALITY LIVESTOCK FARM QUEST JT CLIENT,West Lampeter Twp,Lancaster,SCRO,Concentrated Animal Feed Operations Indiv NPDES Pmt,CAFO Individual Permit,03/08/2018,37.3,587.31,1177 GYPSY HILL RD,"LANCASTER, PA 17602-1339",Swine - Nursery Pig - 30 lbs (15-45)
43,75,818480,CLAIR BURKHOLDER POULTRY BARN,PA0266540,330614,BURKHOLDER CLAIR,East Drumore Twp,Lancaster,SCRO,Concentrated Animal Feed Operations Indiv NPDES Pmt,CAFO Individual Permit,12/28/2017,306.3,792.8,316 CENTER RD,"QUARYVILLE, PA 17566",Swine - Grow finish - 155 lbs (45-265)
44,76,819449,DAVID KAUFFMAN CAFO,PA0266582,335881,KAUFFMAN DAVID,Jackson Twp,Huntingdon,SCRO,Concentrated Animal Feed Operations Indiv NPDES Pmt,CAFO Individual Permit,02/23/2018,74.3,718.4,12050 GREENWOOD RD,"HUNTINGDON, PA 16652",Swine - Grow finish - 155 lbs (45-265)
45,77,824867,SPRINGBROOK CAFO,PA0266728,337229,SPRINGBROOK FARM LLC,Jackson Twp,Huntingdon,SCRO,Concentrated Animal Feed Operations Indiv NPDES Pmt,CAFO Individual Permit,05/30/2018,99.3,726.9,4655 BARR RD,"HUNTINGDON, PA 16652",Swine - Grow finish - 155 lbs (45-265)
46,78,566100,HAMILTON CAFO,PA0281727,236615,HAMILTON FARMS LLC,Adams Twp,Snyder,NCRO,Concentrated Animal Feed Operations Indiv NPDES Pmt,CAFO Individual Permit,07/22/2019,1.0,756.74,1000 SAWMILL RD,"BEAVERTOWN, PA 17813",Swine - Grow finish - 155 lbs (45-265)
47,79,572580,MCMICHAEL FARM,PAG120001,123380,MCMICHAEL TIMOTHY,Lower Oxford Twp,Chester,SERO,PAG-12 Concentrated Animal Feed Operations,PAG-12 CAFO Permit,08/21/2017,47.7,462.58,791 STREET RD,"OXFORD, PA 19363-1135",Swine - Wean to finish - 140 lbs (15-265)
48,80,565034,HICKORY HOLLOW FARM,PAG120002,332807,HICKORY HOLLOW FARM LLC,East Nottingham Twp,Chester,SERO,PAG-12 Concentrated Animal Feed Operations,PAG-12 CAFO Permit,08/21/2017,980.0,620.25,491 BARNSLEY RD,"OXFORD, PA 19363-4105",Swine - Grow finish - 155 lbs (45-265)
49,81,632584,ASTLE FARM CAFO,PAG120005,204878,ASTLE ARTHUR,Lower Oxford Twp,Chester,SERO,PAG-12 Concentrated Animal Feed Operations,PAG-12 CAFO Permit,06/13/2014,103.0,983.01,643 STREET RD,"OXFORD, PA 19363-1176",Swine - Grow finish - 155 lbs (45-265)
50,82,820868,HOWARD REYBURN SWINE OPERATION,PAG120008,337784,REYBURN HOWARD,Upper Oxford Twp,Chester,SERO,PAG-12 Concentrated Animal Feed Operations,PAG-12 CAFO Permit,08/29/2017,152.4,672.66,1021 LIMESTONE ROAD,"OXFORD, PA 19363",Swine - Grow finish - 155 lbs (45-265)
51,83,829301,WINDY PINE CAFO,PAG120009,345419,WINDY PINE FARM,East Nottingham Twp,Chester,SERO,PAG-12 Concentrated Animal Feed Operations,PAG-12 CAFO Permit,12/07/2018,1.0,354.05,410 BARNSLEY RD,"OXFORD, PA 19363",Swine - Grow finish - 155 lbs (45-265)
52,86,752182,WILL O BETT FARM HOG FINISHING BARN,PAG122212,293578,WILL O BETT FARM,Salem Twp,Luzerne,NERO,PAG-12 Concentrated Animal Feed Operations,PAG-12 CAFO Permit,01/23/2017,103.2,726.12,137 BOMBOY LN,"BERWICK, PA 18603-6509",Swine - Grow finish - 155 lbs (45-265)
53,87,832557,DWIGHT MANBECK CAFO,PAG122217,347845,MANBECK DWIGHT,Wayne Twp,Schuylkill,NERO,PAG-12 Concentrated Animal Feed Operations,PAG-12 CAFO Permit,08/09/2019,196.7,679.16,917 SCHWARTZ VALLEY RD,"SCHUYLKILL HAVEN, PA 17972",Swine - Grow finish - 155 lbs (45-265)
54,88,564412,HOOVER LANE FARM,PAG123506,351686,HOOVER LN FARM LLC,Tyrone Twp,Perry,SCRO,PAG-12 Concentrated Animal Feed Operations,PAG-12 CAFO Permit,08/22/2019,1.0,851.73,105 HOOVER LN,"LOYSVILLE, PA 17047-9208",Swine - Grow finish - 155 lbs (45-265)
55,89,564444,LOHT FARM CAFO,PAG123507,148842,LOHT KENNETH,Decatur Twp,Mifflin,SCRO,PAG-12 Concentrated Animal Feed Operations,PAG-12 CAFO Permit,02/15/2018,1.0,445.27,250 ROAD APPLE WAY,"MC CLURE, PA 17841-8604",Swine - Grow finish - 155 lbs (45-265)
56,90,565209,GOSS FARM CAFO,PAG123511,149144,GOSS RONALD E & GOSS TIMOTHY E,Decatur Twp,Mifflin,SCRO,PAG-12 Concentrated Animal Feed Operations,PAG-12 CAFO Permit,11/27/2017,276.0,1361.34,123 DECATUR RD,"MCCLURE, PA 17841",Swine - Grow finish - 155 lbs (45-265)
57,91,570073,FRANKLIN HOG FARM,PAG123513,318483,HORD FAMILY FARMS,Peters Twp,Franklin,SCRO,PAG-12 Concentrated Animal Feed Operations,PAG-12 CAFO Permit,08/31/2017,1.0,1756.45,8815 DRY RUN RD,"MERCERSBURG, PA 17236-8606",Swine - Nursery Pig - 30 lbs (15-45)
58,96,570100,TIMBER RIDGE CAFO,PAG123514,155172,CHIOU HOG FARM,Belfast Twp,Fulton,SCRO,PAG-12 Concentrated Animal Feed Operations,PAG-12 CAFO Permit,04/01/2018,12.0,1179.86,9699 TIMBER RIDGE RD,"BIG COVE TANNERY, PA 17212-9450",Swine - Grow finish - 155 lbs (45-265)
59,97,568144,M&M FARM CAFO,PAG123519,159228,EDGIN MONTE,Cromwell Twp,Huntingdon,SCRO,PAG-12 Concentrated Animal Feed Operations,PAG-12 CAFO Permit,02/01/2018,289.5,517.79,10368 CHESTER FURNACE RD,"SHIRLEYSBURG, PA 17260",Swine - Grow finish - 155 lbs (45-265)
60,98,569576,ZIMMERMAN CAFO,PAG123520,96184,ZIMMERMAN LEROY Z,East Donegal Twp,Lancaster,SCRO,PAG-12 Concentrated Animal Feed Operations,PAG-12 CAFO Permit,04/01/2018,154.6,388.19,327 STACKSTOWN RD,"MARIETTA, PA 17547-9308",Swine - Grow finish - 155 lbs (45-265)
61,99,568582,NOLT FARM CAFO,PAG123521,158118,NOLT EUGENE Z,Earl Twp,Lancaster,SCRO,PAG-12 Concentrated Animal Feed Operations,PAG-12 CAFO Permit,03/16/2018,53.5,637.9,143 KURTZ RD,"NEW HOLLAND, PA 17557-9775",Swine - Grow finish - 155 lbs (45-265)
62,100,569505,LOST CREEK FARM CAFO,PAG123523,158117,HERSHEY AG,Fayette Twp,Juniata,SCRO,PAG-12 Concentrated Animal Feed Operations,PAG-12 CAFO Permit,04/09/2015,87.0,942.5,586 BENNER RD,"MC ALISTERVILLE, PA 17049-8875",Swine - Nursery Pig - 30 lbs (15-45)
63,102,571423,HILLSIDE ACRES FARM CAFO,PAG123527,271326,KING JONATHON,Northeast Madison Twp,Perry,SCRO,PAG-12 Concentrated Animal Feed Operations,PAG-12 CAFO Permit,04/01/2018,82.1,563.34,1334 VALENTINE RD,"ICKESBURG, PA 17037",Swine - Grow finish - 155 lbs (45-265)
64,103,573023,DEITER FARM CAFO,PAG123529,161014,DEITER JAY,Conoy Twp,Lancaster,SCRO,PAG-12 Concentrated Animal Feed Operations,PAG-12 CAFO Permit,09/08/2017,228.3,616.5,2040 RIVER RD,"BAINBRIDGE, PA 17502-9329",Swine - Wean to finish - 140 lbs (15-265)
65,104,642364,JOE BURKHOLDER CAFO,PAG123530,298467,JOE BURKHOLDER,Ephrata Twp,Lancaster,SCRO,PAG-12 Concentrated Animal Feed Operations,PAG-12 CAFO Permit,04/01/2018,75.7,331.6,1440 DIVISION HWY,"EPHRATA, PA 17522-8832",Swine - Grow finish - 155 lbs (45-265)
66,105,573261,ZEAGER & SONS CAFO,PAG123531,161438,HERMAN ZEAGER,Conoy Twp,Lancaster,SCRO,PAG-12 Concentrated Animal Feed Operations,PAG-12 CAFO Permit,04/01/2018,1.0,803.2,159 YODER RD,"BAINBRIDGE, PA 17502-9597",Swine - Grow finish - 155 lbs (45-265)
67,106,571730,SWATARA SWINE CAFO,PAG123538,332779,SWATARA CREEK SWINE LLC,East Hanover Twp,Lebanon,SCRO,PAG-12 Concentrated Animal Feed Operations,PAG-12 CAFO Permit,09/15/2017,1.0,593.9,1921 BLACKS BRIDGE RD,"ANNVILLE, PA 17003-8518",Swine - Wean to finish - 140 lbs (15-265)
68,110,571708,GREYSTONE PORK CAFO,PAG123539,251084,MARTIN ELDWIN,Warren Twp,Franklin,SCRO,PAG-12 Concentrated Animal Feed Operations,PAG-12 CAFO Permit,04/26/2018,109.2,755.31,12950 FORGE RD,"MERCERSBURG, PA 17236-9415",Swine - Nursery Pig - 30 lbs (15-45)
69,115,571701,SWATARA CREEK SWINE LLC,PAG123540,332779,SWATARA CREEK SWINE LLC,East Hanover Twp,Lebanon,SCRO,PAG-12 Concentrated Animal Feed Operations,PAG-12 CAFO Permit,06/29/2017,8.0,595.0,651 PINE RD,"PALMYRA, PA 17078",Swine - Grow finish - 155 lbs (45-265)
70,119,572483,MCCLAYS FARM CAFO,PAG123542,337956,BRICKER MARK,Lurgan Twp,Franklin,SCRO,PAG-12 Concentrated Animal Feed Operations,PAG-12 CAFO Permit,04/01/2018,1.0,637.69,7597 MCCLAYS MILL RD,"NEWBURG, PA 17240-9649",Swine - Grow finish - 155 lbs (45-265)
71,123,574116,HARNISH CAFO,PAG123543,161559,HARNISH ALAN,Manor Twp,Lancaster,SCRO,PAG-12 Concentrated Animal Feed Operations,PAG-12 CAFO Permit,10/30/2017,39.3,578.8,3425 BLUE ROCK RD,"LANCASTER, PA 17603-9775",Swine - Wean to finish - 140 lbs (15-265)
72,124,573844,SHADEWOOD FARMS CAFO,PAG123544,158117,HERSHEY AG,Howe Twp,Perry,SCRO,PAG-12 Concentrated Animal Feed Operations,PAG-12 CAFO Permit,08/21/2017,133.5,967.5,123 ACKER RD,"NEWPORT, PA 17074-9202",Swine - Nursery Pig - 30 lbs (15-45)
73,126,633520,MEADOW RUN FARM CAFO,PAG123545,158117,HERSHEY AG,South Londonderry Twp,Lebanon,SCRO,PAG-12 Concentrated Animal Feed Operations,PAG-12 CAFO Permit,04/01/2018,88.0,1178.84,4270 HARVEST RD,"MANHEIM, PA 17545",Swine - Gestating Sow - 400 lbs
74,128,645427,WEILER FARMS #1CAFO,PAG123550,161756,WEILER FARM PARTNERSHIP,Jackson Twp,Lebanon,SCRO,PAG-12 Concentrated Animal Feed Operations,PAG-12 CAFO Permit,08/07/2014,121.1,586.03,350 E MILL AVE,"MYERSTOWN, PA 17067-2404",Swine - Grow finish - 155 lbs (45-265)
75,129,645424,WEILER FARM #2 CAFO,PAG123551,161756,WEILER FARM PARTNERSHIP,South Londonderry Twp,Lebanon,SCRO,PAG-12 Concentrated Animal Feed Operations,PAG-12 CAFO Permit,04/20/2015,120.0,1047.11,420 LAWN RD,"PALMYRA, PA 17079",Swine - Wean to finish - 140 lbs (15-265)
76,130,627285,MARLIN MARTIN CAFO,PAG123556,252135,HEIDELBERG PIG FAMILY FARMS LLC,Heidelberg Twp,Lebanon,SCRO,PAG-12 Concentrated Animal Feed Operations,PAG-12 CAFO Permit,04/01/2018,6.5,525.6,425 N MARKET ST,"MYERSTOWN, PA 17067-3019",Swine - Grow finish - 155 lbs (45-265)
77,133,630384,MARTIN FARM CAFO,PAG123561,202092,MARTIN ELVIN L,Bethel Twp,Berks,SCRO,PAG-12 Concentrated Animal Feed Operations,PAG-12 CAFO Permit,09/28/2017,127.1,367.19,980 LITTLE MOUNTAIN RD,"MYERSTOWN, PA 17067-1852",Swine - Wean to finish - 140 lbs (15-265)
78,134,647028,SAUDER SWINE CAFO,PAG123562,202094,SAUDER NOAH JR,Jackson Twp,Lebanon,SCRO,PAG-12 Concentrated Animal Feed Operations,PAG-12 CAFO Permit,11/17/2017,1.0,599.41,401 ELCO DR,"MYERSTOWN, PA 17067-2610",Swine - Grow finish - 155 lbs (45-265)
79,135,643081,MIKE BUCKWALTER CAFO,PAG123564,348524,BUCKWALTER FARMS LLC,East Donegal Twp,Lancaster,SCRO,PAG-12 Concentrated Animal Feed Operations,PAG-12 CAFO Permit,03/28/2019,250.0,478.5,350 ROCK POINT RD,"MARIETTA, PA 17547-9209",Swine - Wean to finish - 140 lbs (15-265)
80,136,633451,HUBER SWINE FARM CAFO,PAG123569,204698,HUBER JOHN,Northeast Madison Twp,Perry,SCRO,PAG-12 Concentrated Animal Feed Operations,PAG-12 CAFO Permit,08/24/2017,1.0,916.28,5158 TUSCARORA PATH,"LOYSVILLE, PA 17074",Swine - Wean to finish - 140 lbs (15-265)
81,137,641212,SWANGER RANCH CAFO,PAG123574,210787,SWANGER PAUL,Conoy Twp,Lancaster,SCRO,PAG-12 Concentrated Animal Feed Operations,PAG-12 CAFO Permit,04/01/2018,8.5,373.3,150 KISSEL BARRICK RD,"BAINBRIDGE, PA 17502-9335",Swine - Grow finish - 155 lbs (45-265)
82,138,643492,TUSCARORA FARMS CAFO,PAG123577,290650,TUSCARORA FARMS LLC,Metal Twp,Franklin,SCRO,PAG-12 Concentrated Animal Feed Operations,PAG-12 CAFO Permit,04/01/2018,15.0,853.3,13938 CREEK RD,"WILLOW HILL, PA 17271-9726",Swine - Grow finish - 155 lbs (45-265)
83,139,647994,ELVIN NOLT CAFO,PAG123581,215828,NOLT ELVIN,Millcreek Twp,Lebanon,SCRO,PAG-12 Concentrated Animal Feed Operations,PAG-12 CAFO Permit,10/30/2017,48.6,599.2,11 SETH ERB RD,"RICHLAND, PA 17087-9404",Swine - Grow finish - 155 lbs (45-265)
84,140,648238,LESTER WEAVER CAFO,PAG123582,216162,WEAVER LESTER B,Rapho Twp,Lancaster,SCRO,PAG-12 Concentrated Animal Feed Operations,PAG-12 CAFO Permit,04/21/2017,207.8,488.28,2560 SUNNYSIDE RD,"MANHEIM, PA 17545-9685",Swine - Grow finish - 155 lbs (45-265)
85,141,650828,PIGTAIL ACRES,PAG123583,318656,PIGTALE ACRES LLC,Clay Twp,Lancaster,SCRO,PAG-12 Concentrated Animal Feed Operations,PAG-12 CAFO Permit,02/11/2016,37.2,644.63,1030 GIRL SCOUT RD,"STEVENS, PA 17578-9784",Swine - Grow finish - 155 lbs (45-265)
86,142,692925,LARRY BRENEMAN FARM,PAG123585,227469,BRENEMAN LARRY,Strasburg Twp,Lancaster,SCRO,PAG-12 Concentrated Animal Feed Operations,PAG-12 CAFO Permit,09/22/2017,153.0,405.04,774 BUNKER HILL RD,"STRASBURG, PA 17579-9764",Swine - Wean to finish - 140 lbs (15-265)
87,143,672677,MARY ANN RUTT FARM,PAG123587,282925,RUTT RYAN,Penn Twp,Berks,SCRO,PAG-12 Concentrated Animal Feed Operations,PAG-12 CAFO Permit,07/21/2015,117.8,876.14,524 N GARFIELD RD,"BERNVILLE, PA 19506-9017",Swine - Grow finish - 155 lbs (45-265)
88,144,703412,SMITH STATION ACRES LLC,PAG123613,336202,SMITH STATION ACRES LLC,Heidelberg Twp,York,SCRO,PAG-12 Concentrated Animal Feed Operations,PAG-12 CAFO Permit,06/23/2017,7.8,702.6,1871 SMITH STATION RD,"SPRING GROVE, PA 17362-8977",Swine - Nursery Pig - 30 lbs (15-45)
89,145,691216,FUTURE VIEW FARM,PAG123623,290329,FUTURE VIEW FARM LLC,Pequea Twp,Lancaster,SCRO,PAG-12 Concentrated Animal Feed Operations,PAG-12 CAFO Permit,05/25/2018,503.9,635.7,13 RADCLIFF RD,"WILLOW STREET, PA 17584-9770",Swine - Grow finish - 155 lbs (45-265)
90,146,697323,HERSHEY FARMS CAFO,PAG123626,250301,HERSHEY JAMES E,Mount Joy Twp,Lancaster,SCRO,PAG-12 Concentrated Animal Feed Operations,PAG-12 CAFO Permit,04/01/2018,453.7,788.05,338 SUNNY BURN RD,"ELIZABETHTOWN, PA 17022-9664",Swine - Wean to finish - 140 lbs (15-265)
91,147,698917,BENNER FAMILY FARM,PAG123628,294473,BENNERS SWINE BARN LLC,Delaware Twp,Juniata,SCRO,PAG-12 Concentrated Animal Feed Operations,PAG-12 CAFO Permit,04/01/2018,371.8,611.45,56 PLATT HOLLOW RD,"THOMPSONTOWN, PA 17094",Swine - Grow finish - 155 lbs (45-265)
92,149,700861,HILLSIDE ACRES FARM,PAG123631,249783,HILLSIDE ACRES FARM,Albany Twp,Berks,SCRO,PAG-12 Concentrated Animal Feed Operations,PAG-12 CAFO Permit,10/05/2017,1.0,777.95,335 DOTTERER RD,"LENHARTSVILLE, PA 19534-9501",Swine - Nursery Pig - 30 lbs (15-45)
93,153,700840,ROBERT SHEARER FARM,PAG123632,317727,ROBERT & MICHAEL SHEARER,East Donegal Twp,Lancaster,SCRO,PAG-12 Concentrated Animal Feed Operations,PAG-12 CAFO Permit,09/24/2015,305.8,714.08,806 ANDERSON FERRY RD,"MOUNT JOY, PA 17552-9750",Swine - Grow finish - 155 lbs (45-265)
94,154,700813,HESSLAND FARMS,PAG123634,249574,HESS ROBERT L,East Donegal Twp,Lancaster,SCRO,PAG-12 Concentrated Animal Feed Operations,PAG-12 CAFO Permit,04/01/2018,234.9,690.09,686 ROCK POINT RD,"MOUNT JOY, PA 17552-9732",Swine - Wean to finish - 140 lbs (15-265)
95,155,700679,JAY BLEACHER FARM,PAG123637,250280,JAY L BLEACHER,Manor Twp,Lancaster,SCRO,PAG-12 Concentrated Animal Feed Operations,PAG-12 CAFO Permit,10/05/2017,288.3,596.2,1173 BRENEMAN RD,"CONESTOGA, PA 17516-9307",Swine - Grow finish - 155 lbs (45-265)
96,156,700808,LEXINGTON FARM,PAG123639,348523,BOLLINGER DANIEL S & BOLLINGER WENDI S,Warwick Twp,Lancaster,SCRO,PAG-12 Concentrated Animal Feed Operations,PAG-12 CAFO Permit,03/28/2019,30.19,407.4,306 E LEXINGTON RD,"LITITZ, PA 17543-8964",Swine - Grow finish - 155 lbs (45-265)
97,158,706874,HARLEY BANGE CAFO,PAG123658,316366,BANGE HARLEY,Union Twp,Huntingdon,SCRO,PAG-12 Concentrated Animal Feed Operations,PAG-12 CAFO Permit,05/14/2018,549.6,639.2,15629 TROUGH CREEK VALLEY PIKE,"HUNTINGDON, PA 16652-3785",Swine - Grow finish - 155 lbs (45-265)
98,159,706871,BROOKSIDE ACRES CAFO,PAG123659,249737,BROOKSIDE ACRES,Mount Joy Twp,Lancaster,SCRO,PAG-12 Concentrated Animal Feed Operations,PAG-12 CAFO Permit,04/01/2018,1.0,775.73,125 ABERDEEN RD,"ELIZABETHTOWN, PA 17022-9493",Swine - Grow finish - 155 lbs (45-265)
99,160,708494,NELSON MARTIN CAFO,PAG123664,273023,MARTIN NELSON W,Annville Twp,Lebanon,SCRO,PAG-12 Concentrated Animal Feed Operations,PAG-12 CAFO Permit,04/01/2018,273.0,810.47,2224 HORSESHOE PIKE,"ANNVILLE, PA 17003-8839",Swine - Wean to finish - 140 lbs (15-265)
100,161,715961,KLINE'S HILLSIDE FARM,PAG123668,349999,KLINES HILLSIDE FARM,Saint Thomas Twp,Franklin,SCRO,PAG-12 Concentrated Animal Feed Operations,PAG-12 CAFO Permit,02/05/2015,1.0,514.3,167 COBLE ROAD,"CHAMBERSBURG, PA 17202",Swine - Grow finish - 155 lbs (45-265)
101,162,716441,FORRY FARM CAFO,PAG123670,253804,DANIEL K FORRY,West Hempfield Twp,Lancaster,SCRO,PAG-12 Concentrated Animal Feed Operations,PAG-12 CAFO Permit,02/06/2015,340.9,661.41,1015 PROSPECT RD,"COLUMBIA, PA 17512-8930",Swine - Grow finish - 155 lbs (45-265)
102,163,626732,FINKBINER FARM CAFO,PAG123672,304464,FINKBINER CRAIG D,Fayette Twp,Juniata,SCRO,PAG-12 Concentrated Animal Feed Operations,PAG-12 CAFO Permit,05/27/2015,390.81,900.7,157 TROYER RD,"MC ALISTERVILLE, PA 17049-8084",Swine - Wean to finish - 140 lbs (15-265)
103,164,735148,OSCAR MANBECK SWINE CAFO,PAG123673,171496,OSCAR J MANBECK,Bethel Twp,Berks,SCRO,PAG-12 Concentrated Animal Feed Operations,PAG-12 CAFO Permit,06/29/2016,686.3,898.68,10 FORT HENRY RD,"BETHEL, PA 19507-9544",Swine - Wean to finish - 140 lbs (15-265)
104,165,720003,TERRY HERSHEY CAFO,PAG123679,272275,TERRY L HERSHEY FARM,Paradise Twp,Lancaster,SCRO,PAG-12 Concentrated Animal Feed Operations,PAG-12 CAFO Permit,03/19/2015,82.0,487.08,573 STRASBURG RD,"PARADISE, PA 17562-9703",Swine - Wean to finish - 140 lbs (15-265)
105,166,720493,JOEL RUTT FARM,PAG123682,253014,RUTT JOEL H,Rapho Twp,Lancaster,SCRO,PAG-12 Concentrated Animal Feed Operations,PAG-12 CAFO Permit,06/13/2014,185.2,403.49,1178 WHITE OAK RD,"MANHEIM, PA 17545-9304",Swine - Nursery Pig - 30 lbs (15-45)
106,168,572857,LAZY HOG FINISHING FARM,PAG123684,271704,HOFFMAN CHRIS R,Derry Twp,Mifflin,SCRO,PAG-12 Concentrated Animal Feed Operations,PAG-12 CAFO Permit,06/29/2017,1.0,532.33,PLEASANT VALLEY RD,"LEWISTOWN, PA 17044",Swine - Wean to finish - 140 lbs (15-265)
107,169,724518,ZARTMAN FARMS,PAG123685,217375,ZARTMAN THOMAS L,Clay Twp,Lancaster,SCRO,PAG-12 Concentrated Animal Feed Operations,PAG-12 CAFO Permit,05/23/2014,630.0,630.63,820 HILLTOP RD,"EPHRATA, PA 17522-8401",Swine - Grow finish - 155 lbs (45-265)
108,170,634790,WEILER FARMS 3 CAFO,PAG123688,161756,WEILER FARM PARTNERSHIP,Union Twp,Lebanon,SCRO,PAG-12 Concentrated Animal Feed Operations,PAG-12 CAFO Permit,08/07/2014,120.9,966.95,239 RIDGE RD,"JONESTOWN, PA 17038-8145",Swine - Grow finish - 155 lbs (45-265)
109,171,731811,ROBERT L. BRUBAKER JR,PAG123689,279748,BRUBAKER ROBERT L JR,Rapho Twp,Lancaster,SCRO,PAG-12 Concentrated Animal Feed Operations,PAG-12 CAFO Permit,01/10/2017,2.2,390.16,2871 N COLEBROOK RD,"MANHEIM, PA 17545-8309",Swine - Gestating Sow - 400 lbs
110,174,734877,FUNK FARM CAFO,PAG123693,248617,FUNK JEFF,Warren Twp,Franklin,SCRO,PAG-12 Concentrated Animal Feed Operations,PAG-12 CAFO Permit,09/21/2017,369.8,634.75,18255 FORT DAVIS RD,"MERCERSBURG, PA 17236-9430",Swine - Wean to finish - 140 lbs (15-265)
111,175,740124,BLUE BERRY HILL FARM,PAG123699,286084,BLUE BERRY HILL FARM INC,Mount Pleasant Twp,Adams,SCRO,PAG-12 Concentrated Animal Feed Operations,PAG-12 CAFO Permit,02/05/2018,454.8,560.0,2950 CENTENNIAL RD,"HANOVER, PA 17331-8759",Swine - Grow finish - 155 lbs (45-265)
112,176,724980,RICHARD RUTT SWINE FARM,PAG123700,253015,RUTT RICHARD W,East Donegal Twp,Lancaster,SCRO,PAG-12 Concentrated Animal Feed Operations,PAG-12 CAFO Permit,10/13/2017,81.4,456.4,375 NISSLEY RD,"MOUNT JOY, PA 17552-9022",Swine - Wean to finish - 140 lbs (15-265)
113,177,685018,STONE CHIMNEY HOLLOW FARM,PAG123703,352687,STONE CHIMNEY FARMS LLC,Lower Chanceford Twp,York,SCRO,PAG-12 Concentrated Animal Feed Operations,PAG-12 CAFO Permit,01/27/2017,50.0,671.46,3449 DELTA RD,"AIRVILLE, PA 17302-9331",Swine - Grow finish - 155 lbs (45-265)
114,178,744433,LUKENS FARM CAFO,PAG123704,288369,DANIEL F LUKENS,Decatur Twp,Mifflin,SCRO,PAG-12 Concentrated Animal Feed Operations,PAG-12 CAFO Permit,10/16/2017,1.0,341.42,7075 OLD STAGE ROAD,"MCCLURE, PA 17841",Swine - Grow finish - 155 lbs (45-265)
115,179,687092,CORY GRESS FARM,PAG123705,251076,GRESS CORY L,Licking Creek Twp,Fulton,SCRO,PAG-12 Concentrated Animal Feed Operations,PAG-12 CAFO Permit,04/01/2018,152.3,772.84,792 LICK HOLLOW RD,"HARRISONVILLE, PA 17228-9348",Swine - Grow finish - 155 lbs (45-265)
116,180,749809,GERALD AND MIKE LONG CAFO,PAG123706,288459,GERALD AND MIKE LONG,East Hanover Twp,Lebanon,SCRO,PAG-12 Concentrated Animal Feed Operations,PAG-12 CAFO Permit,05/25/2018,327.8,629.96,39 REEDS CREEK RD,"ANNVILLE, PA 17003-8405",Swine - Grow finish - 155 lbs (45-265)
117,181,748206,SNIDER SWINE CAFO,PAG123708,288838,SNIDER TYLER J,Dublin Twp,Huntingdon,SCRO,PAG-12 Concentrated Animal Feed Operations,PAG-12 CAFO Permit,02/10/2016,291.0,1208.06,22357 MT FOOT RD,"NEELYTON, PA 17239-9434",Swine - Grow finish - 155 lbs (45-265)
118,183,691475,DALE FRANK FARM,PAG123710,248625,FRANK DALE,West Donegal Twp,Lancaster,SCRO,PAG-12 Concentrated Animal Feed Operations,PAG-12 CAFO Permit,05/14/2018,556.3,802.1,3167 BOSSLER RD,"ELIZABETHTOWN, PA 17022-9726",Swine - Wean to finish - 140 lbs (15-265)
119,184,571758,FURNACE HILL FARM,PAG123711,253894,WINE CHRISTOPHER,Heidelberg Twp,Lebanon,SCRO,PAG-12 Concentrated Animal Feed Operations,PAG-12 CAFO Permit,04/01/2018,1.0,380.76,258 ALBRIGHT RD,"NEWMANSTOWN, PA 17073-8716",Swine - Gestating Sow - 400 lbs
120,187,750240,MALCOLM RUDOLPH,PAG123713,291136,MALCOLM R RUDOLPH,Tyrone Twp,Adams,SCRO,PAG-12 Concentrated Animal Feed Operations,PAG-12 CAFO Permit,05/04/2018,297.0,718.63,200 GINZEL RD,"NEW OXFORD, PA 17350-9011",Swine - Grow finish - 155 lbs (45-265)
121,188,751254,MOR-T-DO FARM,PAG123714,292026,MJM PIG FARM LLC,Belfast Twp,Fulton,SCRO,PAG-12 Concentrated Animal Feed Operations,PAG-12 CAFO Permit,04/01/2018,135.0,346.28,5292 PLEASANT RIDGE RD,"NEEDMORE, PA 17238-8944",Swine - Grow finish - 155 lbs (45-265)
122,189,749790,BUSER FARMS CAFO,PAG123718,348392,BUSER KIERAN R,Lower Windsor Twp,York,SCRO,PAG-12 Concentrated Animal Feed Operations,PAG-12 CAFO Permit,03/28/2019,1.0,1031.6,49 BUSER FARM LN,"YORK, PA 17406-8655",Swine - Grow finish - 155 lbs (45-265)
123,190,750578,JUNK INN FARM LLC CAFO,PAG123725,334835,JUNK INN FARMS LLC,Metal Twp,Franklin,SCRO,"Water Quality Mgmt Part II, Manure Storage Fac for CAFO",PAG-12 CAFO Permit,04/26/2019,365.9,1717.15,14492 PATH VALLEY ROAD,"WILLOW HILL, PA 17271",Swine - Grow finish - 155 lbs (45-265)
124,191,542136,CARSONVILLE FARMS LP CAFO,PAG123726,288903,CARSONVILLE FARMS LP,Wayne Twp,Dauphin,SCRO,PAG-12 Concentrated Animal Feed Operations,PAG-12 CAFO Permit,04/01/2018,1.0,571.98,2716 POWELL VALLEY ROAD,"HALIFAX, PA 17032",Swine - Grow finish - 155 lbs (45-265)
125,192,700423,BACON ACRES FARM,PAG123729,213743,HESS JAY L,Conestoga Twp,Lancaster,SCRO,PAG-12 Concentrated Animal Feed Operations,PAG-12 CAFO Permit,04/01/2018,181.8,519.1,151 PEQUEA CREEK RD,"CONESTOGA, PA 17516-9410",Swine - Grow finish - 155 lbs (45-265)
126,193,698582,ARNOLD HORST SWINE FARM,PAG123730,248614,HYKES STEVEN,Antrim Twp,Franklin,SCRO,PAG-12 Concentrated Animal Feed Operations,PAG-12 CAFO Permit,04/01/2018,644.5,846.44,1239 HYKES ROAD,"GREENCASTLE, PA 17225",Swine - Grow finish - 155 lbs (45-265)
127,194,700376,EDWARD HORST FARM,PAG123735,254128,HORST EDWARD B,Heidelberg Twp,Berks,SCRO,PAG-12 Concentrated Animal Feed Operations,PAG-12 CAFO Permit,01/23/2014,317.0,317.0,251 WEST BUNKER HILL ROAD,"WOMELSDORF, PA 19567",Swine - Wean to finish - 140 lbs (15-265)
128,195,760433,M&E FARM,PAG123736,298049,KING MERVIN F,Greenwood Twp,Perry,SCRO,PAG-12 Concentrated Animal Feed Operations,PAG-12 CAFO Permit,04/01/2018,1.0,805.48,710 PFOUTZ VALLEY RD,"MILLERSTOWN, PA 17062-9301",Swine - Wean to finish - 140 lbs (15-265)
129,196,756057,RYAN SNYDER FARM,PAG123738,298165,RM SNYDER HOG FARM LLC,Granville Twp,Mifflin,SCRO,PAG-12 Concentrated Animal Feed Operations,PAG-12 CAFO Permit,02/05/2018,108.7,682.85,6 SNYDER LN,"LEWISTOWN, PA 17044-8645",Swine - Grow finish - 155 lbs (45-265)
130,197,696470,HIDDEN ACRES FARM,PAG123739,219917,HIDDEN ACRES FARMS,Rapho Twp,Lancaster,SCRO,PAG-12 Concentrated Animal Feed Operations,PAG-12 CAFO Permit,08/25/2017,379.0,999.05,2115 ROHRER RD,"MANHEIM, PA 17545-9136",Swine - Grow finish - 155 lbs (45-265)
131,198,704533,BELVIEW VALLEY FARMS,PAG123740,290838,BELVIEW VALLEY FARMS LLC,Peach Bottom Twp,York,SCRO,PAG-12 Concentrated Animal Feed Operations,PAG-12 CAFO Permit,04/01/2018,548.0,632.5,458 GEMMILL RD,"DELTA, PA 17314-8866",Swine - Wean to finish - 140 lbs (15-265)
132,199,574731,REINHOLDS FARM CAFO,PAG123741,302206,MARTIN DELMAR R,West Cocalico Twp,Lancaster,SCRO,PAG-12 Concentrated Animal Feed Operations,PAG-12 CAFO Permit,05/14/2018,1.0,502.6,1375 WEST ROUTE 897,"DENVER, PA 17517",Swine - Grow finish - 155 lbs (45-265)
133,200,764085,RANDY BRUBAKER FARM,PAG123744,253829,RANDY BRUBAKER,Rapho Twp,Lancaster,SCRO,PAG-12 Concentrated Animal Feed Operations,PAG-12 CAFO Permit,04/01/2018,1.0,737.0,1681 HOSSLER RD,"MANHEIM, PA 17545-9666",Swine - Gestating Sow - 400 lbs
134,203,569694,KENTON SWEIGART FARM CAFO,PAG123749,160135,SWEIGART KENTON L,East Donegal Twp,Lancaster,SCRO,"Water Quality Mgmt Part II, Manure Storage Fac for CAFO",PAG-12 CAFO Permit,08/17/2016,564.4,1405.93,620 GREIDER RD,"MOUNT JOY, PA 17552-8911",Swine - Grow finish - 155 lbs (45-265)
135,204,767107,SHEL-MAR ACRES,PAG123752,308999,SHELMAR ACRES LLC,East Donegal Twp,Lancaster,SCRO,PAG-12 Concentrated Animal Feed Operations,PAG-12 CAFO Permit,07/20/2018,195.0,1476.6,580 COLEBROOK RD,"MOUNT JOY, PA 17552-9777",Swine - Grow finish - 155 lbs (45-265)
136,205,560163,MTN VIEW NO 1 & 2 CAFO,PAG123754,295980,MOUNTAIN VIEW SWINE FARMS,Bethel Twp,Berks,SCRO,PAG-12 Concentrated Animal Feed Operations,PAG-12 CAFO Permit,04/01/2018,1.0,2125.41,160 FRYSTOWN RD,"MYERSTOWN, PA 17067-1947",Swine - Grow finish - 155 lbs (45-265)
137,206,635497,RIDGE VIEW FARMS CAFO,PAG123759,169929,SWEIGART III DAVID W,Mount Joy Twp,Lancaster,SCRO,PAG-12 Concentrated Animal Feed Operations,PAG-12 CAFO Permit,06/28/2019,401.8,2140.07,189 RIDGE VIEW RD S,"ELIZABETHTOWN, PA 17022",Swine - Wean to finish - 140 lbs (15-265)
138,207,775323,FURNACE HILL HOLSTEINS,PAG123774,309880,FURNACE HILL HOLSTEINS,South Lebanon Twp,Lebanon,SCRO,PAG-12 Concentrated Animal Feed Operations,PAG-12 CAFO Permit,04/01/2018,150.0,671.21,480 SCHAEFFER RD,"LEBANON, PA 17042-9741",Swine - Grow finish - 155 lbs (45-265)
139,208,629611,BLUE MOUNTAIN FINISHING FARM CAFO,PAG123776,225776,BLEVINS BLUE MTN FINISHING FARM LLC,Lurgan Twp,Franklin,SCRO,PAG-12 Concentrated Animal Feed Operations,PAG-12 CAFO Permit,12/11/2014,56.0,629.26,10315 OTTERBEIN CHURCH RD,"NEWBURG, PA 17240-9630",Swine - Grow finish - 155 lbs (45-265)
140,209,571747,WILLOW HILL FARM CAFO,PAG123777,216104,COUNTRY VIEW FAMILY FARMS LLC,Metal Twp,Franklin,SCRO,PAG-12 Concentrated Animal Feed Operations,PAG-12 CAFO Permit,04/01/2018,1.0,2978.6,12598 CREEK RD,"FANNETTSBURG, PA 17221-9707",Swine - Grow finish - 155 lbs (45-265)
141,213,700420,LEON ZIMMERMAN FARM,PAG123781,161694,ZIMMERMAN LEON RAY,East Donegal Twp,Lancaster,SCRO,Concentrated Animal Feed Operations Indiv NPDES Pmt,PAG-12 CAFO Permit,04/24/2014,267.0,1115.2,2011 MAYTOWN RD,"ELIZABETHTOWN, PA 17022-9769",Swine - Grow finish - 155 lbs (45-265)
142,214,777444,BIVOUAC SOW FARM,PAG123782,311673,CFC FULTON PROP LLC,Ayr Twp,Fulton,SCRO,PAG-12 Concentrated Animal Feed Operations,PAG-12 CAFO Permit,07/14/2015,1.0,2971.8,15197 GREAT COVE ROAD,"BIG COVE TANNERY, PA 17212",Swine - Grow finish - 155 lbs (45-265)
143,220,779500,TODD CHESTNUT FARM,PAG123784,313085,TODD CHESTNUT,Upper Mifflin Twp,Cumberland,SCRO,PAG-12 Concentrated Animal Feed Operations,PAG-12 CAFO Permit,09/26/2014,760.5,931.5,910 BRIDGEWATER RD,"NEWVILLE, PA 17241-8507",Swine - Grow finish - 155 lbs (45-265)
144,221,780378,MIKE CASSEL FARM,PAG123791,314683,MIKE CASSEL,Penn Twp,Lancaster,SCRO,PAG-12 Concentrated Animal Feed Operations,PAG-12 CAFO Permit,10/20/2014,245.7,475.43,259 AUCTION RD,"MANHEIM, PA 17545-9744",Swine - Grow finish - 155 lbs (45-265)
145,222,573653,GREEN VALLEY FARM CAFO,PAG123802,332756,GREEN VALLEY SWINE LLC,North Codorus Twp,York,SCRO,PAG-12 Concentrated Animal Feed Operations,PAG-12 CAFO Permit,02/16/2017,1.0,1892.79,2266 JUNCTION RD,"SEVEN VALLEYS, PA 17360-8605",Swine - Wean to finish - 140 lbs (15-265)
146,226,645960,ROHRER FARMS CAFO,PAG123806,214388,ROHRER FARMS LLC,Penn Twp,Lancaster,SCRO,PAG-12 Concentrated Animal Feed Operations,PAG-12 CAFO Permit,06/29/2017,293.8,2115.72,750 DOE RUN RD,"LITITZ, PA 17543-8711",Swine - Grow finish - 155 lbs (45-265)
147,229,803321,WHITE OAK HOLLOW FARM,PAG123807,319710,WHITE OAK HOLLOW FARMS LLC,Bethel Twp,Fulton,SCRO,PAG-12 Concentrated Animal Feed Operations,PAG-12 CAFO Permit,09/14/2015,1.0,730.55,766 WHITE OAK HOLLOW RD,"WARFORDSBURG, PA 17267-8562",Swine - Grow finish - 155 lbs (45-265)
148,230,805819,HEBERLIG SWINE FARM,PAG123810,321383,HEBERLIG LANCE & HEBERLIG SUSAN,Hopewell Twp,Cumberland,SCRO,PAG-12 Concentrated Animal Feed Operations,PAG-12 CAFO Permit,12/21/2015,81.2,412.56,24 SHUMAN RD,"NEWBURG, PA 17240-9214",Swine - Nursery Pig - 30 lbs (15-45)
149,232,560151,LONGACRE FARM CAFO,PAG123811,322167,LONGACRE FARM LLC,Fannett Twp,Franklin,SCRO,PAG-12 Concentrated Animal Feed Operations,PAG-12 CAFO Permit,12/11/2017,1.0,576.82,19879 PATH VALLEY RD,"DRY RUN, PA 17220",Swine - Grow finish - 155 lbs (45-265)
150,233,555925,ACORN FARMS CAFO,PAG123831,136028,FRANKLIN FAMILY FARMS INC,Lurgan Twp,Franklin,SCRO,PAG-12 Concentrated Animal Feed Operations,PAG-12 CAFO Permit,11/09/2018,1.0,1336.4,14627 LURGAN RD,"ORRSTOWN, PA 17244-9635",Swine - Nursery Pig - 30 lbs (15-45)
151,238,568402,NEW HOPE FARM CAFO,PAG123834,216104,COUNTRY VIEW FAMILY FARMS LLC,Fannett Twp,Franklin,SCRO,PAG-12 Concentrated Animal Feed Operations,PAG-12 CAFO Permit,04/16/2018,1.0,2736.0,23177 BACK RD,"CONCORD, PA 17217-9701",Swine - Grow finish - 155 lbs (45-265)
152,242,820821,HEMLOCK LN CAFO,PAG123836,331016,HEMLOCK LN FARM LP,Catharine Twp,Blair,SCRO,PAG-12 Concentrated Animal Feed Operations,PAG-12 CAFO Permit,08/31/2017,547.3,713.5,121 HEMLOCK RD,"WILLIAMSBURG, PA 16693",Swine - Grow finish - 155 lbs (45-265)
153,243,816878,MICHAEL WILT & COREY WILT CAFO,PAG123837,331869,WILT MICHAEL,East Providence Twp,Bedford,SCRO,"Water Quality Mgmt Part II, Manure Storage Fac for CAFO",PAG-12 CAFO Permit,06/18/2019,490.8,1630.71,1408 POINTER ROAD,"EVERETT, PA 15537",Swine - Grow finish - 155 lbs (45-265)
154,244,816559,WARRIOR RIDGE FARM,PAG123841,216104,COUNTRY VIEW FAMILY FARMS LLC,Monroe Twp,Bedford,SCRO,PAG-12 Concentrated Animal Feed Operations,PAG-12 CAFO Permit,04/17/2017,1.0,2970.15,242 CARIBBEAN RD,"EVERETT, PA 15537",Swine - Grow finish - 155 lbs (45-265)
155,246,811708,DWAYNE NOLT FARM,PAG123843,329522,DWAYNE NOLT,Jackson Twp,Lebanon,SCRO,PAG-12 Concentrated Animal Feed Operations,PAG-12 CAFO Permit,03/03/2017,6.4,554.3,58 E STRACK DR,"MYERSTOWN, PA 17067-2160",Swine - Nursery Pig - 30 lbs (15-45)
156,248,820285,DREW JOHNSON FARM,PAG123848,333003,JOHNSON DREW,Fannett Twp,Franklin,SCRO,PAG-12 Concentrated Animal Feed Operations,PAG-12 CAFO Permit,08/01/2017,1.0,682.8,20575 HAMMOND RD,"SPRING RUN, PA 17262",Swine - Grow finish - 155 lbs (45-265)
157,249,571731,PENN VALLEY PORK CAFO,PAG123852,216104,COUNTRY VIEW FAMILY FARMS LLC,Upper Bern Twp,Berks,SCRO,PAG-12 Concentrated Animal Feed Operations,PAG-12 CAFO Permit,08/17/2017,1.0,1169.3,"1655 PHILLIPS LN, PHILLIPS LANE","MOHRSVILLE, PA 19541",Swine - Grow finish - 155 lbs (45-265)
158,253,818773,EGOLF SWINE FINISHING FARM,PAG123854,335665,LHF ENTERPRISES LLC,Napier Twp,Bedford,SCRO,PAG-12 Concentrated Animal Feed Operations,PAG-12 CAFO Permit,10/30/2017,1.0,684.89,1971 FAUPEL RD,"SCHELLSBURG, PA 15559",Swine - Grow finish - 155 lbs (45-265)
159,254,819177,JOHN CORNELIUS SWINE CAFO,PAG123857,336111,CORNELIUS JOHN,Cass Twp,Huntingdon,SCRO,PAG-12 Concentrated Animal Feed Operations,PAG-12 CAFO Permit,11/08/2017,275.1,672.66,18121 HARES VALLEY RD,"MAPLETON DEPOT, PA 17052",Swine - Grow finish - 155 lbs (45-265)
160,255,820438,LAUREL RIDGE PIG CO,PAG123858,337223,LAUREL RIDGE PIG CO,West Cocalico Twp,Lancaster,SCRO,PAG-12 Concentrated Animal Feed Operations,PAG-12 CAFO Permit,11/17/2017,4.7,645.9,700 SWAMP CHURCH RD,"REINHOLDS, PA 17569",Swine - Nursery Pig - 30 lbs (15-45)
161,259,820270,COLTON DEPPEN SWINE CAFO,PAG123859,336925,DEPPEN COLTON W,Spruce Hill Twp,Juniata,SCRO,PAG-12 Concentrated Animal Feed Operations,PAG-12 CAFO Permit,11/17/2017,1.0,672.66,18521 ROUTE 75 SOUTH,"PORT ROYAL, PA 17082",Swine - Grow finish - 155 lbs (45-265)
162,260,822098,JAMES SCHWALM CAFO,PAG123862,339039,SCHWALM DANIEL & SCHWALM JAMES,Jackson Twp,Dauphin,SCRO,PAG-12 Concentrated Animal Feed Operations,PAG-12 CAFO Permit,12/08/2017,115.1,839.04,351 BASTIAN RD,"HALIFAX, PA 17032",Swine - Grow finish - 155 lbs (45-265)
163,261,822187,HARTZLER CAFO,PAG123864,339090,HARTZLER MARLIN,Menno Twp,Mifflin,SCRO,PAG-12 Concentrated Animal Feed Operations,PAG-12 CAFO Permit,12/28/2017,129.8,661.94,39 HAZEL LN,"BELLEVILLE, PA 17004",Swine - Grow finish - 155 lbs (45-265)
164,262,822262,WARNER CAFO,PAG123866,339124,WARNER AARON J,Todd Twp,Huntingdon,SCRO,PAG-12 Concentrated Animal Feed Operations,PAG-12 CAFO Permit,04/02/2018,1.0,716.04,18826 NEW FORDING RD,"BROAD TOP, PA 16621",Swine - Grow finish - 155 lbs (45-265)
165,263,823459,MARLIN PEACHEY CAFO,PAG123870,339965,PEACHY MARLIN J,Brown Twp,Mifflin,SCRO,PAG-12 Concentrated Animal Feed Operations,PAG-12 CAFO Permit,03/19/2018,127.3,889.46,328 COFFE RUN ROAD,"REEDSVILLE, PA 17084",Swine - Grow finish - 155 lbs (45-265)
166,264,824127,LANDIS HOOVER CAFO,PAG123871,340509,HOOVER LANDIS S,West Earl Twp,Lancaster,SCRO,PAG-12 Concentrated Animal Feed Operations,PAG-12 CAFO Permit,03/16/2018,33.4,314.03,1453 DIAMOND STATION RD,"EPHRATA, PA 17522",Swine - Wean to finish - 140 lbs (15-265)
167,265,830340,WASON CAFO,PAG123880,346368,WASON FARMS LLC,Lincoln Twp,Huntingdon,SCRO,PAG-12 Concentrated Animal Feed Operations,PAG-12 CAFO Permit,01/03/2019,5.3,340.5,2823 FARMHOUSE LN,"HUNTINGDON, PA 16652",Swine - Grow finish - 155 lbs (45-265)
168,266,833132,IRONSTONE FARM,PAG123883,348294,WENGER JASON,Rapho Twp,Lancaster,SCRO,PAG-12 Concentrated Animal Feed Operations,PAG-12 CAFO Permit,05/13/2019,109.0,529.39,5376 ELIZABETHTOWN RD,"MANHEIM, PA 17545",Swine - Wean to finish - 140 lbs (15-265)
169,267,836387,CASEY CAROWICK SWINE CAFO,PAG123892,351245,CAROWICK CASEY S,Cass Twp,Huntingdon,SCRO,PAG-12 Concentrated Animal Feed Operations,PAG-12 CAFO Permit,09/30/2019,325.6,766.07,16946 BEAVERTOWN ROAD,"TODD, PA 16685",Swine - Grow finish - 155 lbs (45-265)
170,268,837771,STONE BRIDGE FARM,PAG123896,352635,AG VENTURES LLC,Fannett Twp,Franklin,SCRO,,PAG-12 CAFO Permit,NOT ISSUED,5.2,328.19,18104 STONE BRIDGE RD,"SPRING RUN, PA 17262",Swine - Grow finish - 155 lbs (45-265)
171,269,559415,GARY A & SANDRA L PFLEEGOR,PAG124801,145973,GARY A & SANDRA L PFLEEGOR,Kelly Twp,Union,NCRO,PAG-12 Concentrated Animal Feed Operations,PAG-12 CAFO Permit,08/31/2015,80.0,583.54,"560 GOODMAN ROAD, 560 GOODMAN RD","LEWISBURG, PA 17837-9636",Swine - Grow finish - 155 lbs (45-265)
172,270,563745,LAMAR E TROUP FARM,PAG124803,148889,LAMAR E TROUP,Spring Twp,Snyder,NCRO,PAG-12 Concentrated Animal Feed Operations,PAG-12 CAFO Permit,06/04/2015,394.9,497.17,632 TROUP RD,"BEAVER SPRINGS, PA 17812-9116",Swine - Grow finish - 155 lbs (45-265)
173,271,563753,STONES HOG PROD LLC,PAG124804,306468,STONES HOG PROD LLC,Spring Twp,Snyder,NCRO,PAG-12 Concentrated Animal Feed Operations,PAG-12 CAFO Permit,11/29/2016,140.0,975.91,12547 STAGE RD,"MC CLURE, PA 17841-8274",Swine - Grow finish - 155 lbs (45-265)
174,272,563755,DAVID GROFF FARM,PAG124805,148895,DAVID N & MARY L GROFF,Kelly Twp,Union,NCRO,PAG-12 Concentrated Animal Feed Operations,PAG-12 CAFO Permit,03/22/2017,41.0,634.0,262 PAWLING RD,"LEWISBURG, PA 17837-7311",Swine - Grow finish - 155 lbs (45-265)
175,273,563767,BUFFALO VALLEY FARM,PAG124806,148903,JERREL BRUBAKER,Buffalo Twp,Union,NCRO,PAG-12 Concentrated Animal Feed Operations,PAG-12 CAFO Permit,08/14/2017,850.8,673.25,269 MEETING HOUSE LN,"LEWISBURG, PA 17837-8862",Swine - Grow finish - 155 lbs (45-265)
176,274,569448,BROCK N HITE,PAG124809,338564,HITE BROCK N,Terry Twp,Bradford,NCRO,PAG-12 Concentrated Animal Feed Operations,PAG-12 CAFO Permit,10/26/2017,317.1,632.2,331 VIALL HILL RD,"TOWANDA, PA 18848-8038",Swine - Wean to finish - 140 lbs (15-265)
177,275,570459,MCCLELLAN FARMS FINISHERS,PAG124811,160977,MCCLELLAN MATTHEW L,Granville Twp,Bradford,NCRO,PAG-12 Concentrated Animal Feed Operations,PAG-12 CAFO Permit,01/26/2017,155.7,514.69,443 COOLBAUGH HILL RD,"GRANVILLE SUMMIT, PA 16926-9216",Swine - Grow finish - 155 lbs (45-265)
178,276,628710,SNOOK FARM CAFO,PAG124814,192016,SNOOK MICHAEL S,Franklin Twp,Snyder,NCRO,PAG-12 Concentrated Animal Feed Operations,PAG-12 CAFO Permit,05/25/2018,294.9,590.7,1510 WHITE CHURCH RD,"MIDDLEBURG, PA 17842-9343",Swine - Grow finish - 155 lbs (45-265)
179,277,550358,BOYLES SWINE FARM,PAG124816,140114,BOYLES ROBERT,Franklin Twp,Lycoming,NCRO,PAG-12 Concentrated Animal Feed Operations,CAFO Individual Permit,08/31/2015,269.0,586.26,FAIRVIEW RD,"UNITYVILLE, PA 17774",Swine - Grow finish - 155 lbs (45-265)
180,278,691938,HACKMAN FARM CAFO,PAG124819,247719,HACKMAN WILLARD G,Delmar Twp,Tioga,NCRO,PAG-12 Concentrated Animal Feed Operations,PAG-12 CAFO Permit,02/16/2018,370.0,624.0,1035 DEAN HILL RD,"WELLSBORO, PA 16901-7406",Swine - Grow finish - 155 lbs (45-265)
181,279,690402,HEIMBACH FARM CAFO,PAG124823,247895,HEIMBACH KEITH,Granville Twp,Bradford,NCRO,PAG-12 Concentrated Animal Feed Operations,PAG-12 CAFO Permit,03/07/2017,318.9,677.92,129 DON PACKARD RD,"GRANVILLE SUMMIT, PA 16926-9231",Swine - Sow and litter - 470 lbs
182,280,696200,LANE FARM CAFO,PAG124824,253730,RODNEY E LANE,Harrison Twp,Potter,NCRO,PAG-12 Concentrated Animal Feed Operations,PAG-12 CAFO Permit,01/25/2018,639.0,685.37,HOWARD RD,"HARRISON VALLEY, PA 16927",Swine - Grow finish - 155 lbs (45-265)
183,281,689731,PINE HURST ACRES CAFO,PAG124825,341356,PINE HURST ACRES,Rush Twp,Northumberland,NCRO,PAG-12 Concentrated Animal Feed Operations,PAG-12 CAFO Permit,04/01/2018,2327.8,626.63,3036 SUNBURY RD,"DANVILLE, PA 17821-9454",Swine - Grow finish - 155 lbs (45-265)
184,282,693186,SHADY RILL FARM CAFO,PAG124827,250288,SHADY RILL HOG,Washington Twp,Snyder,NCRO,PAG-12 Concentrated Animal Feed Operations,PAG-12 CAFO Permit,07/03/2014,642.0,916.0,252 THARP RD,"MOUNT PLEASANT MILLS, PA 17853-8310",Swine - Nursery Pig - 30 lbs (15-45)
185,287,706341,HILLCREST SWINE FARM,PAG124833,304419,HILLCREST SWINE FARM,Buffalo Twp,Union,NCRO,PAG-12 Concentrated Animal Feed Operations,PAG-12 CAFO Permit,04/01/2018,34.2,873.41,121 PARADISE LN,"LEWISBURG, PA 17837",Swine - Nursery Pig - 30 lbs (15-45)
186,289,727186,ROWE FAMILY FARM,PAG124836,276409,ROWE FAMILY FARMS CO,Middlecreek Twp,Snyder,NCRO,PAG-12 Concentrated Animal Feed Operations,PAG-12 CAFO Permit,10/22/2014,116.0,557.08,216 PAWLING STATION RD,"SELINSGROVE, PA 17870-7913",Swine - Grow finish - 155 lbs (45-265)
187,290,742417,RIDGE VALLEY FARMS,PAG124839,285260,MARTIN ROBERT S,West Beaver Twp,Snyder,NCRO,PAG-12 Concentrated Animal Feed Operations,PAG-12 CAFO Permit,01/19/2017,212.6,1205.57,634 LOWELL ROAD,"MCCLURE, PA 17841",Swine - Grow finish - 155 lbs (45-265)
188,291,572970,BEAVERTON SOW CAFO OPERATION,PAG124840,216104,COUNTRY VIEW FAMILY FARMS LLC,Beaver Twp,Snyder,NCRO,PAG-12 Concentrated Animal Feed Operations,PAG-12 CAFO Permit,07/06/2016,60.88,802.73,167 HETRICK RD,"BEAVERTOWN, PA 17813",Swine - Wean to finish - 140 lbs (15-265)
189,295,752772,JOHN PEPPER ENTERPRISE LLC HOG FINISHING BARNS,PAG124842,293442,JOHN PEPPER ENTERPRISE LLC,Granville Twp,Bradford,NCRO,PAG-12 Concentrated Animal Feed Operations,PAG-12 CAFO Permit,06/21/2017,69.8,802.17,1075 NEW RD,"GRANVILLE SUMMIT, PA 16926",Swine - Grow finish - 155 lbs (45-265)
190,296,756834,HUMMEL FAMILY FARMS LLC,PAG124843,297251,HUMMEL FAMILY FARMS LLC,Center Twp,Snyder,NCRO,PAG-12 Concentrated Animal Feed Operations,PAG-12 CAFO Permit,10/25/2017,182.96,726.9,3493 MIDDLE RD,"MIDDLEBURG, PA 17842-8693",Swine - Grow finish - 155 lbs (45-265)
191,297,760044,JOHN PFLEEGOR FARM,PAG124844,301290,JOHN PFLEEGOR,Lewis Twp,Northumberland,NCRO,PAG-12 Concentrated Animal Feed Operations,PAG-12 CAFO Permit,05/11/2018,375.0,682.47,460 GOLD RD,"MUNCY, PA 17756-5748",Swine - Grow finish - 155 lbs (45-265)
192,298,517384,SULLIVAN FARMS CAFO OPERATION,PAG124846,216104,COUNTRY VIEW FAMILY FARMS LLC,Sullivan Twp,Tioga,NCRO,PAG-12 Concentrated Animal Feed Operations,PAG-12 CAFO Permit,04/01/2018,170.5,2746.6,372 HEMLOCK HILL RD,"COVINGTON, PA 16917-9430",Swine - Grow finish - 155 lbs (45-265)
193,302,565424,JAMES MCCLOSKEY FARM,PAG124848,316297,MCCLOSKEY JAMES L,West Beaver Twp,Snyder,NCRO,PAG-12 Concentrated Animal Feed Operations,PAG-12 CAFO Permit,12/29/2014,1.0,1101.21,1220 PARTHEMER RD,"MCCLURE, PA 17841",Swine - Wean to finish - 140 lbs (15-265)
194,303,663243,COUNTRY VIEW FAMILY FARM LLC,PAG124849,234596,VAN BLARCOM FARMS,Columbia Twp,Bradford,NCRO,PAG-12 Concentrated Animal Feed Operations,PAG-12 CAFO Permit,02/09/2015,18.0,2716.0,2271 FAIRBANKS RD,"COLUMBIA CROSS ROADS, PA 16914-7895",Swine - Grow finish - 155 lbs (45-265)
195,307,781911,MOYER SWINE & DAIRY FARM,PAG124850,316296,GARRETT & DARREN MOYER SWINE & DAIRY FARM,Washington Twp,Snyder,NCRO,PAG-12 Concentrated Animal Feed Operations,PAG-12 CAFO Permit,02/09/2015,153.0,780.8,1200 RED BANK RD,"MIDDLEBURG, PA 17842-9246",Swine - Grow finish - 155 lbs (45-265)
196,308,803315,JAMES STAHL FARM,PAG124851,321311,STAHL JAMES W,Union Twp,Snyder,NCRO,PAG-12 Concentrated Animal Feed Operations,PAG-12 CAFO Permit,10/14/2015,682.8,1314.66,4089 PRODUCE RD,"SELINSGROVE, PA 17870-8161",Swine - Grow finish - 155 lbs (45-265)
197,310,805392,RIVER VALLEY FARM,PAG124852,216104,COUNTRY VIEW FAMILY FARMS LLC,Deerfield Twp,Tioga,NCRO,PAG-12 Concentrated Animal Feed Operations,PAG-12 CAFO Permit,01/11/2016,445.0,2978.55,NORTH SIDE DEAN RD,"KNOXVILLE, PA 16928",Swine - Grow finish - 155 lbs (45-265)
198,318,808824,BEAVER RUN FARMS INC,PAG124853,326747,BEAVER RUN FARMS INC,West Buffalo Twp,Union,NCRO,PAG-12 Concentrated Animal Feed Operations,PAG-12 CAFO Permit,05/24/2016,108.0,510.26,3038 BEAVER RUN RD,"MIFFLINBURG, PA 17844-7808",Swine - Grow finish - 155 lbs (45-265)
199,319,810723,MAKIN BACON LLC,PAG124854,328650,MAKIN BACON LLC,Granville Twp,Bradford,NCRO,PAG-12 Concentrated Animal Feed Operations,PAG-12 CAFO Permit,08/17/2016,319.0,805.82,1808 BAILEY CORNERS RD,"GRANVILLE SUMMIT, PA 16926-9202",Swine - Grow finish - 155 lbs (45-265)
200,320,565312,BEAVERTOWN FINISHING CAFO,PAG124855,341824,JMA FARMS LLC,Beaver Twp,Snyder,NCRO,PAG-12 Concentrated Animal Feed Operations,PAG-12 CAFO Permit,05/17/2018,46.0,1569.76,89 B P FINISHING LN,"BEAVERTOWN, PA 17813-9256",Swine - Nursery Pig - 30 lbs (15-45)
201,324,687915,SCATTERED ACRES FARM CAFO,PAG124856,285482,SCATTERED ACRES FARMS,Locust Twp,Columbia,NCRO,PAG-12 Concentrated Animal Feed Operations,PAG-12 CAFO Permit,02/28/2017,2100.0,953.46,190 TYSON SCHOOL RD,"CATAWISSA, PA 17820-8212",Swine - Grow finish - 155 lbs (45-265)
202,325,817095,STONEWALL PORK LLC,PAG124859,334389,STONEWALL PORK LLC,Jackson Twp,Tioga,NCRO,PAG-12 Concentrated Animal Feed Operations,PAG-12 CAFO Permit,06/06/2017,87.7,713.42,242 ALDER RUN RD,"MILLERTON, PA 16936",Swine - Grow finish - 155 lbs (45-265)
203,326,819496,MEISERVILLE MILLING LLC,PAG124860,336494,MEISERVILLE MILLING LLC,Chapman Twp,Snyder,NCRO,PAG-12 Concentrated Animal Feed Operations,PAG-12 CAFO Permit,08/11/2017,433.9,713.87,127 MILL RD,"MOUNT PLEASANT MILLS, PA 17853-8134",Swine - Grow finish - 155 lbs (45-265)
204,327,819980,R & F FAMILY FARMS,PAG124861,337001,R & F FAMILY FARMS,Shamokin Twp,Northumberland,NCRO,"Water Quality Mgmt Part II, Manure Storage Fac for CAFO",PAG-12 CAFO Permit,08/30/2019,19.7,1752.35,214 CEDAR RD,"PAXINOS, PA 17860-7310",Swine - Grow finish - 155 lbs (45-265)
205,328,697687,KUCHARSKI CAFO,PAG124862,217867,KUCHARSKI ROBERT R,Liberty Boro,Tioga,NCRO,PAG-12 Concentrated Animal Feed Operations,PAG-12 CAFO Permit,10/06/2017,422.2,768.54,9351 ROUTE 414,"LIBERTY, PA 16930-9505",Swine - Grow finish - 155 lbs (45-265)
206,329,565314,PINE HILL FARMS CAFO,PAG124864,216104,COUNTRY VIEW FAMILY FARMS LLC,Wells Twp,Bradford,NCRO,PAG-12 Concentrated Animal Feed Operations,PAG-12 CAFO Permit,02/23/2018,260.0,3263.9,2547 HICKORY RD,"COLUMBIA CROSSROADS, PA 16914",Swine - Nursery Pig - 30 lbs (15-45)
207,334,827578,MELVIN WEAVER CAFO,PAG124866,339254,WEAVER MELVIN,Adams Twp,Snyder,NCRO,PAG-12 Concentrated Animal Feed Operations,PAG-12 CAFO Permit,10/26/2018,94.6,334.98,359 TIMBER RD,"BEAVERTOWN, PA 17813",Swine - Wean to finish - 140 lbs (15-265)
208,338,831901,LANDIS FARMS,PAG124867,347345,LANDIS TIM,Jordan Twp,Northumberland,NCRO,PAG-12 Concentrated Animal Feed Operations,PAG-12 CAFO Permit,03/18/2019,857.2,559.53,2607 KLINGERSTOWN RD,"HERNDON, PA 17830",Swine - Grow finish - 155 lbs (45-265)
209,339,810490,LEYDIG CAFO,PAG126101,328471,LEYDIG KEITH & DENISE,Brothersvalley Twp,Somerset,SWRO,PAG-12 Concentrated Animal Feed Operations,PAG-12 CAFO Permit,08/12/2016,525.0,682.85,380 SWAMPCREEK RD,"GARRETT, PA 15542-9019",Swine - Grow finish - 155 lbs (45-265)
210,340,810717,BEACHDALE FARMS CAFO,PAG126102,328644,BEACHDALE FARMS INC,Brothersvalley Twp,Somerset,SWRO,PAG-12 Concentrated Animal Feed Operations,PAG-12 CAFO Permit,10/07/2016,718.0,872.85,126 BRONCO DR,"BERLIN, PA 15530-6530",Swine - Grow finish - 155 lbs (45-265)
211,341,819721,STAIR SWINE FINISHING BARN,PAG126104,336693,BLUE SPRINGS FARM LLC,Brothersvalley Twp,Somerset,SWRO,PAG-12 Concentrated Animal Feed Operations,PAG-12 CAFO Permit,08/30/2017,6.4,689.4,716 CUMBERLAND HWY,"BERLIN, PA 15530",Swine - Grow finish - 155 lbs (45-265)
